Trial_ID,Round,Agent,Assigned_Arms,Chosen_Arm,Payoff
0,0,Agent_0,"[2, 1, 0, 12, 11, 18, 19]",2,47.98
0,0,Agent_1,"[15, 7, 6, 17, 8, 14, 5]",17,19.2
0,0,Agent_2,"[10, 3, 16, 13, 4, 9]",16,100.0
0,1,Agent_0,"[2, 1, 0, 12, 11, 18, 19]",0,75.2
0,1,Agent_1,"[15, 7, 6, 17, 8, 14, 5]",15,32.96
0,1,Agent_2,"[10, 3, 16, 13, 4, 9]",16,96.15
0,2,Agent_0,"[2, 1, 0, 12, 11, 18, 19]",0,72.62
0,2,Agent_1,"[15, 7, 6, 17, 8, 14, 5]",15,23.13
0,2,Agent_2,"[10, 3, 16, 13, 4, 9]",16,100.0
0,3,Agent_0,"[2, 1, 0, 12, 11, 18, 19]",0,71.91
0,3,Agent_1,"[15, 7, 6, 17, 8, 14, 5]",15,21.14
0,3,Agent_2,"[10, 3, 16, 13, 4, 9]",10,70.53
0,4,Agent_0,"[2, 1, 0, 12, 11, 18, 19]",1,38.86
0,4,Agent_1,"[15, 7, 6, 17, 8, 14, 5]",15,24.3
0,4,Agent_2,"[10, 3, 16, 13, 4, 9]",16,89.0
0,5,Agent_0,"[2, 1, 0, 12, 11, 18, 19]",12,60.98
0,5,Agent_1,"[15, 7, 6, 17, 8, 14, 5]",15,19.68
0,5,Agent_2,"[10, 3, 16, 13, 4, 9]",16,100.0
0,6,Agent_0,"[2, 1, 0, 12, 11, 18, 19]",0,78.96
0,6,Agent_1,"[15, 7, 6, 17, 8, 14, 5]",15,33.7
0,6,Agent_2,"[10, 3, 16, 13, 4, 9]",16,98.53
0,7,Agent_0,"[2, 1, 0, 12, 11, 18, 19]",11,32.8
0,7,Agent_1,"[15, 7, 6, 17, 8, 14, 5]",7,2.96
0,7,Agent_2,"[10, 3, 16, 13, 4, 9]",16,99.97
0,8,Agent_0,"[2, 1, 0, 12, 11, 18, 19]",0,68.82
0,8,Agent_1,"[15, 7, 6, 17, 8, 14, 5]",6,19.27
0,8,Agent_2,"[10, 3, 16, 13, 4, 9]",16,89.75
0,9,Agent_0,"[2, 1, 0, 12, 11, 18, 19]",0,74.53
0,9,Agent_1,"[15, 7, 6, 17, 8, 14, 5]",15,21.38
0,9,Agent_2,"[10, 3, 16, 13, 4, 9]",16,99.78
0,10,Agent_0,"[2, 1, 0, 12, 11, 18, 19]",18,81.74
0,10,Agent_1,"[15, 7, 6, 17, 8, 14, 5]",15,33.42
0,10,Agent_2,"[10, 3, 16, 13, 4, 9]",16,95.27
0,11,Agent_0,"[2, 1, 0, 12, 11, 18, 19]",18,79.38
0,11,Agent_1,"[15, 7, 6, 17, 8, 14, 5]",15,24.2
0,11,Agent_2,"[10, 3, 16, 13, 4, 9]",16,99.56
0,12,Agent_0,"[2, 1, 0, 12, 11, 18, 19]",18,77.17
0,12,Agent_1,"[15, 7, 6, 17, 8, 14, 5]",15,21.56
0,12,Agent_2,"[10, 3, 16, 13, 4, 9]",16,100.0
0,13,Agent_0,"[2, 1, 0, 12, 11, 18, 19]",18,80.0
0,13,Agent_1,"[15, 7, 6, 17, 8, 14, 5]",15,28.81
0,13,Agent_2,"[10, 3, 16, 13, 4, 9]",16,92.17
0,14,Agent_0,"[2, 1, 0, 12, 11, 18, 19]",18,78.29
0,14,Agent_1,"[15, 7, 6, 17, 8, 14, 5]",15,17.71
0,14,Agent_2,"[10, 3, 16, 13, 4, 9]",16,100.0
0,15,Agent_0,"[2, 1, 0, 12, 11, 18, 19]",18,77.76
0,15,Agent_1,"[15, 7, 6, 17, 8, 14, 5]",5,36.24
0,15,Agent_2,"[10, 3, 16, 13, 4, 9]",16,100.0
0,16,Agent_0,"[2, 1, 0, 12, 11, 18, 19]",18,74.62
0,16,Agent_1,"[15, 7, 6, 17, 8, 14, 5]",5,40.68
0,16,Agent_2,"[10, 3, 16, 13, 4, 9]",16,100.0
0,17,Agent_0,"[2, 1, 0, 12, 11, 18, 19]",18,86.85
0,17,Agent_1,"[15, 7, 6, 17, 8, 14, 5]",5,34.24
0,17,Agent_2,"[10, 3, 16, 13, 4, 9]",16,96.31
0,18,Agent_0,"[2, 1, 0, 12, 11, 18, 19]",18,73.43
0,18,Agent_1,"[15, 7, 6, 17, 8, 14, 5]",5,31.48
0,18,Agent_2,"[10, 3, 16, 13, 4, 9]",16,100.0
0,19,Agent_0,"[2, 1, 0, 12, 11, 18, 19]",18,81.38
0,19,Agent_1,"[15, 7, 6, 17, 8, 14, 5]",5,37.46
0,19,Agent_2,"[10, 3, 16, 13, 4, 9]",16,98.48
0,20,Agent_0,"[2, 1, 0, 12, 11, 18, 19]",18,79.2
0,20,Agent_1,"[15, 7, 6, 17, 8, 14, 5]",5,37.48
0,20,Agent_2,"[10, 3, 16, 13, 4, 9]",16,98.36
0,21,Agent_0,"[2, 1, 0, 12, 11, 18, 19]",19,100.0
0,21,Agent_1,"[15, 7, 6, 17, 8, 14, 5]",5,27.58
0,21,Agent_2,"[10, 3, 16, 13, 4, 9]",16,94.99
0,22,Agent_0,"[2, 1, 0, 12, 11, 18, 19]",19,98.8
0,22,Agent_1,"[15, 7, 6, 17, 8, 14, 5]",5,27.38
0,22,Agent_2,"[10, 3, 16, 13, 4, 9]",16,100.0
0,23,Agent_0,"[2, 1, 0, 12, 11, 18, 19]",19,87.48
0,23,Agent_1,"[15, 7, 6, 17, 8, 14, 5]",5,32.83
0,23,Agent_2,"[10, 3, 16, 13, 4, 9]",16,100.0
0,24,Agent_0,"[2, 1, 0, 12, 11, 18, 19]",19,96.3
0,24,Agent_1,"[15, 7, 6, 17, 8, 14, 5]",5,37.9
0,24,Agent_2,"[10, 3, 16, 13, 4, 9]",16,100.0
0,25,Agent_0,"[2, 1, 0, 12, 11, 18, 19]",19,97.5
0,25,Agent_1,"[15, 7, 6, 17, 8, 14, 5]",5,28.92
0,25,Agent_2,"[10, 3, 16, 13, 4, 9]",16,98.77
0,26,Agent_0,"[2, 1, 0, 12, 11, 18, 19]",19,95.48
0,26,Agent_1,"[15, 7, 6, 17, 8, 14, 5]",5,39.07
0,26,Agent_2,"[10, 3, 16, 13, 4, 9]",16,94.55
0,27,Agent_0,"[2, 1, 0, 12, 11, 18, 19]",19,90.33
0,27,Agent_1,"[15, 7, 6, 17, 8, 14, 5]",5,33.1
0,27,Agent_2,"[10, 3, 16, 13, 4, 9]",16,100.0
0,28,Agent_0,"[2, 1, 0, 12, 11, 18, 19]",19,91.51
0,28,Agent_1,"[15, 7, 6, 17, 8, 14, 5]",5,33.59
0,28,Agent_2,"[10, 3, 16, 13, 4, 9]",16,100.0
0,29,Agent_0,"[2, 1, 0, 12, 11, 18, 19]",19,95.77
0,29,Agent_1,"[15, 7, 6, 17, 8, 14, 5]",5,29.69
0,29,Agent_2,"[10, 3, 16, 13, 4, 9]",16,96.64
1,0,Agent_0,"[16, 5, 0, 7, 18, 13, 14]",18,11.8
1,0,Agent_1,"[3, 6, 15, 8, 2, 10, 9]",3,100.0
1,0,Agent_2,"[19, 4, 1, 11, 12, 17]",19,89.95
1,1,Agent_0,"[16, 5, 0, 7, 18, 13, 14]",18,16.91
1,1,Agent_1,"[3, 6, 15, 8, 2, 10, 9]",3,100.0
1,1,Agent_2,"[19, 4, 1, 11, 12, 17]",19,89.95
1,2,Agent_0,"[16, 5, 0, 7, 18, 13, 14]",16,62.88
1,2,Agent_1,"[3, 6, 15, 8, 2, 10, 9]",3,98.44
1,2,Agent_2,"[19, 4, 1, 11, 12, 17]",19,83.21
1,3,Agent_0,"[16, 5, 0, 7, 18, 13, 14]",16,47.28
1,3,Agent_1,"[3, 6, 15, 8, 2, 10, 9]",3,100.0
1,3,Agent_2,"[19, 4, 1, 11, 12, 17]",1,81.15
1,4,Agent_0,"[16, 5, 0, 7, 18, 13, 14]",5,93.64
1,4,Agent_1,"[3, 6, 15, 8, 2, 10, 9]",3,95.49
1,4,Agent_2,"[19, 4, 1, 11, 12, 17]",4,63.71
1,5,Agent_0,"[16, 5, 0, 7, 18, 13, 14]",5,90.02
1,5,Agent_1,"[3, 6, 15, 8, 2, 10, 9]",3,99.69
1,5,Agent_2,"[19, 4, 1, 11, 12, 17]",19,88.71
1,6,Agent_0,"[16, 5, 0, 7, 18, 13, 14]",5,81.7
1,6,Agent_1,"[3, 6, 15, 8, 2, 10, 9]",3,100.0
1,6,Agent_2,"[19, 4, 1, 11, 12, 17]",19,80.87
1,7,Agent_0,"[16, 5, 0, 7, 18, 13, 14]",5,89.12
1,7,Agent_1,"[3, 6, 15, 8, 2, 10, 9]",3,98.76
1,7,Agent_2,"[19, 4, 1, 11, 12, 17]",19,96.08
1,8,Agent_0,"[16, 5, 0, 7, 18, 13, 14]",5,89.48
1,8,Agent_1,"[3, 6, 15, 8, 2, 10, 9]",3,100.0
1,8,Agent_2,"[19, 4, 1, 11, 12, 17]",19,79.87
1,9,Agent_0,"[16, 5, 0, 7, 18, 13, 14]",5,87.24
1,9,Agent_1,"[3, 6, 15, 8, 2, 10, 9]",3,99.8
1,9,Agent_2,"[19, 4, 1, 11, 12, 17]",19,88.79
1,10,Agent_0,"[16, 5, 0, 7, 18, 13, 14]",5,88.57
1,10,Agent_1,"[3, 6, 15, 8, 2, 10, 9]",3,98.39
1,10,Agent_2,"[19, 4, 1, 11, 12, 17]",19,80.39
1,11,Agent_0,"[16, 5, 0, 7, 18, 13, 14]",5,84.99
1,11,Agent_1,"[3, 6, 15, 8, 2, 10, 9]",3,100.0
1,11,Agent_2,"[19, 4, 1, 11, 12, 17]",19,80.97
1,12,Agent_0,"[16, 5, 0, 7, 18, 13, 14]",5,88.61
1,12,Agent_1,"[3, 6, 15, 8, 2, 10, 9]",3,100.0
1,12,Agent_2,"[19, 4, 1, 11, 12, 17]",19,75.34
1,13,Agent_0,"[16, 5, 0, 7, 18, 13, 14]",5,84.05
1,13,Agent_1,"[3, 6, 15, 8, 2, 10, 9]",3,97.34
1,13,Agent_2,"[19, 4, 1, 11, 12, 17]",19,86.96
1,14,Agent_0,"[16, 5, 0, 7, 18, 13, 14]",0,88.59
1,14,Agent_1,"[3, 6, 15, 8, 2, 10, 9]",3,97.85
1,14,Agent_2,"[19, 4, 1, 11, 12, 17]",19,83.06
1,15,Agent_0,"[16, 5, 0, 7, 18, 13, 14]",0,91.03
1,15,Agent_1,"[3, 6, 15, 8, 2, 10, 9]",3,93.28
1,15,Agent_2,"[19, 4, 1, 11, 12, 17]",19,78.22
1,16,Agent_0,"[16, 5, 0, 7, 18, 13, 14]",0,100.0
1,16,Agent_1,"[3, 6, 15, 8, 2, 10, 9]",3,95.99
1,16,Agent_2,"[19, 4, 1, 11, 12, 17]",19,87.54
1,17,Agent_0,"[16, 5, 0, 7, 18, 13, 14]",0,95.81
1,17,Agent_1,"[3, 6, 15, 8, 2, 10, 9]",3,99.47
1,17,Agent_2,"[19, 4, 1, 11, 12, 17]",19,82.78
1,18,Agent_0,"[16, 5, 0, 7, 18, 13, 14]",0,87.13
1,18,Agent_1,"[3, 6, 15, 8, 2, 10, 9]",3,100.0
1,18,Agent_2,"[19, 4, 1, 11, 12, 17]",19,78.51
1,19,Agent_0,"[16, 5, 0, 7, 18, 13, 14]",0,92.99
1,19,Agent_1,"[3, 6, 15, 8, 2, 10, 9]",3,100.0
1,19,Agent_2,"[19, 4, 1, 11, 12, 17]",19,87.93
1,20,Agent_0,"[16, 5, 0, 7, 18, 13, 14]",0,91.61
1,20,Agent_1,"[3, 6, 15, 8, 2, 10, 9]",3,99.92
1,20,Agent_2,"[19, 4, 1, 11, 12, 17]",19,86.4
1,21,Agent_0,"[16, 5, 0, 7, 18, 13, 14]",0,94.59
1,21,Agent_1,"[3, 6, 15, 8, 2, 10, 9]",3,100.0
1,21,Agent_2,"[19, 4, 1, 11, 12, 17]",19,86.96
1,22,Agent_0,"[16, 5, 0, 7, 18, 13, 14]",0,91.59
1,22,Agent_1,"[3, 6, 15, 8, 2, 10, 9]",3,96.7
1,22,Agent_2,"[19, 4, 1, 11, 12, 17]",19,81.81
1,23,Agent_0,"[16, 5, 0, 7, 18, 13, 14]",0,96.64
1,23,Agent_1,"[3, 6, 15, 8, 2, 10, 9]",3,91.33
1,23,Agent_2,"[19, 4, 1, 11, 12, 17]",19,86.53
1,24,Agent_0,"[16, 5, 0, 7, 18, 13, 14]",0,100.0
1,24,Agent_1,"[3, 6, 15, 8, 2, 10, 9]",3,96.8
1,24,Agent_2,"[19, 4, 1, 11, 12, 17]",19,88.79
1,25,Agent_0,"[16, 5, 0, 7, 18, 13, 14]",0,100.0
1,25,Agent_1,"[3, 6, 15, 8, 2, 10, 9]",3,100.0
1,25,Agent_2,"[19, 4, 1, 11, 12, 17]",19,86.27
1,26,Agent_0,"[16, 5, 0, 7, 18, 13, 14]",0,89.48
1,26,Agent_1,"[3, 6, 15, 8, 2, 10, 9]",3,99.88
1,26,Agent_2,"[19, 4, 1, 11, 12, 17]",19,80.26
1,27,Agent_0,"[16, 5, 0, 7, 18, 13, 14]",0,86.38
1,27,Agent_1,"[3, 6, 15, 8, 2, 10, 9]",3,99.9
1,27,Agent_2,"[19, 4, 1, 11, 12, 17]",19,83.23
1,28,Agent_0,"[16, 5, 0, 7, 18, 13, 14]",0,91.62
1,28,Agent_1,"[3, 6, 15, 8, 2, 10, 9]",3,100.0
1,28,Agent_2,"[19, 4, 1, 11, 12, 17]",19,82.5
1,29,Agent_0,"[16, 5, 0, 7, 18, 13, 14]",0,98.92
1,29,Agent_1,"[3, 6, 15, 8, 2, 10, 9]",3,100.0
1,29,Agent_2,"[19, 4, 1, 11, 12, 17]",19,87.18
2,0,Agent_0,"[7, 11, 2, 17, 0, 4, 18]",18,16.49
2,0,Agent_1,"[19, 14, 10, 3, 15, 12, 5]",19,84.14
2,0,Agent_2,"[8, 13, 6, 1, 9, 16]",16,52.05
2,1,Agent_0,"[7, 11, 2, 17, 0, 4, 18]",18,30.36
2,1,Agent_1,"[19, 14, 10, 3, 15, 12, 5]",19,88.0
2,1,Agent_2,"[8, 13, 6, 1, 9, 16]",16,49.9
2,2,Agent_0,"[7, 11, 2, 17, 0, 4, 18]",18,21.45
2,2,Agent_1,"[19, 14, 10, 3, 15, 12, 5]",19,88.99
2,2,Agent_2,"[8, 13, 6, 1, 9, 16]",8,62.19
2,3,Agent_0,"[7, 11, 2, 17, 0, 4, 18]",18,22.39
2,3,Agent_1,"[19, 14, 10, 3, 15, 12, 5]",19,81.44
2,3,Agent_2,"[8, 13, 6, 1, 9, 16]",8,80.85
2,4,Agent_0,"[7, 11, 2, 17, 0, 4, 18]",7,80.77
2,4,Agent_1,"[19, 14, 10, 3, 15, 12, 5]",14,3.43
2,4,Agent_2,"[8, 13, 6, 1, 9, 16]",13,95.74
2,5,Agent_0,"[7, 11, 2, 17, 0, 4, 18]",7,83.54
2,5,Agent_1,"[19, 14, 10, 3, 15, 12, 5]",19,83.71
2,5,Agent_2,"[8, 13, 6, 1, 9, 16]",13,87.31
2,6,Agent_0,"[7, 11, 2, 17, 0, 4, 18]",7,90.38
2,6,Agent_1,"[19, 14, 10, 3, 15, 12, 5]",19,90.71
2,6,Agent_2,"[8, 13, 6, 1, 9, 16]",13,84.54
2,7,Agent_0,"[7, 11, 2, 17, 0, 4, 18]",7,81.85
2,7,Agent_1,"[19, 14, 10, 3, 15, 12, 5]",19,91.96
2,7,Agent_2,"[8, 13, 6, 1, 9, 16]",13,89.29
2,8,Agent_0,"[7, 11, 2, 17, 0, 4, 18]",7,71.93
2,8,Agent_1,"[19, 14, 10, 3, 15, 12, 5]",10,34.8
2,8,Agent_2,"[8, 13, 6, 1, 9, 16]",6,12.6
2,9,Agent_0,"[7, 11, 2, 17, 0, 4, 18]",7,74.35
2,9,Agent_1,"[19, 14, 10, 3, 15, 12, 5]",3,37.27
2,9,Agent_2,"[8, 13, 6, 1, 9, 16]",13,91.68
2,10,Agent_0,"[7, 11, 2, 17, 0, 4, 18]",7,80.3
2,10,Agent_1,"[19, 14, 10, 3, 15, 12, 5]",19,83.86
2,10,Agent_2,"[8, 13, 6, 1, 9, 16]",13,80.94
2,11,Agent_0,"[7, 11, 2, 17, 0, 4, 18]",7,82.06
2,11,Agent_1,"[19, 14, 10, 3, 15, 12, 5]",19,84.35
2,11,Agent_2,"[8, 13, 6, 1, 9, 16]",13,95.98
2,12,Agent_0,"[7, 11, 2, 17, 0, 4, 18]",11,5.31
2,12,Agent_1,"[19, 14, 10, 3, 15, 12, 5]",19,80.58
2,12,Agent_2,"[8, 13, 6, 1, 9, 16]",13,90.72
2,13,Agent_0,"[7, 11, 2, 17, 0, 4, 18]",2,37.17
2,13,Agent_1,"[19, 14, 10, 3, 15, 12, 5]",19,85.28
2,13,Agent_2,"[8, 13, 6, 1, 9, 16]",13,82.71
2,14,Agent_0,"[7, 11, 2, 17, 0, 4, 18]",7,69.8
2,14,Agent_1,"[19, 14, 10, 3, 15, 12, 5]",19,93.54
2,14,Agent_2,"[8, 13, 6, 1, 9, 16]",13,84.85
2,15,Agent_0,"[7, 11, 2, 17, 0, 4, 18]",7,76.27
2,15,Agent_1,"[19, 14, 10, 3, 15, 12, 5]",19,85.63
2,15,Agent_2,"[8, 13, 6, 1, 9, 16]",13,92.53
2,16,Agent_0,"[7, 11, 2, 17, 0, 4, 18]",7,83.69
2,16,Agent_1,"[19, 14, 10, 3, 15, 12, 5]",19,84.27
2,16,Agent_2,"[8, 13, 6, 1, 9, 16]",13,96.2
2,17,Agent_0,"[7, 11, 2, 17, 0, 4, 18]",7,71.3
2,17,Agent_1,"[19, 14, 10, 3, 15, 12, 5]",15,100.0
2,17,Agent_2,"[8, 13, 6, 1, 9, 16]",13,85.55
2,18,Agent_0,"[7, 11, 2, 17, 0, 4, 18]",7,90.52
2,18,Agent_1,"[19, 14, 10, 3, 15, 12, 5]",15,100.0
2,18,Agent_2,"[8, 13, 6, 1, 9, 16]",13,89.84
2,19,Agent_0,"[7, 11, 2, 17, 0, 4, 18]",7,81.86
2,19,Agent_1,"[19, 14, 10, 3, 15, 12, 5]",15,100.0
2,19,Agent_2,"[8, 13, 6, 1, 9, 16]",13,87.34
2,20,Agent_0,"[7, 11, 2, 17, 0, 4, 18]",7,84.48
2,20,Agent_1,"[19, 14, 10, 3, 15, 12, 5]",15,94.75
2,20,Agent_2,"[8, 13, 6, 1, 9, 16]",13,98.79
2,21,Agent_0,"[7, 11, 2, 17, 0, 4, 18]",7,87.36
2,21,Agent_1,"[19, 14, 10, 3, 15, 12, 5]",15,100.0
2,21,Agent_2,"[8, 13, 6, 1, 9, 16]",13,83.11
2,22,Agent_0,"[7, 11, 2, 17, 0, 4, 18]",7,77.71
2,22,Agent_1,"[19, 14, 10, 3, 15, 12, 5]",15,100.0
2,22,Agent_2,"[8, 13, 6, 1, 9, 16]",13,83.76
2,23,Agent_0,"[7, 11, 2, 17, 0, 4, 18]",7,76.78
2,23,Agent_1,"[19, 14, 10, 3, 15, 12, 5]",15,92.19
2,23,Agent_2,"[8, 13, 6, 1, 9, 16]",13,89.61
2,24,Agent_0,"[7, 11, 2, 17, 0, 4, 18]",7,84.92
2,24,Agent_1,"[19, 14, 10, 3, 15, 12, 5]",15,100.0
2,24,Agent_2,"[8, 13, 6, 1, 9, 16]",13,89.48
2,25,Agent_0,"[7, 11, 2, 17, 0, 4, 18]",7,83.92
2,25,Agent_1,"[19, 14, 10, 3, 15, 12, 5]",15,100.0
2,25,Agent_2,"[8, 13, 6, 1, 9, 16]",13,96.13
2,26,Agent_0,"[7, 11, 2, 17, 0, 4, 18]",7,79.59
2,26,Agent_1,"[19, 14, 10, 3, 15, 12, 5]",15,98.65
2,26,Agent_2,"[8, 13, 6, 1, 9, 16]",13,90.74
2,27,Agent_0,"[7, 11, 2, 17, 0, 4, 18]",7,87.84
2,27,Agent_1,"[19, 14, 10, 3, 15, 12, 5]",15,100.0
2,27,Agent_2,"[8, 13, 6, 1, 9, 16]",13,92.7
2,28,Agent_0,"[7, 11, 2, 17, 0, 4, 18]",7,80.2
2,28,Agent_1,"[19, 14, 10, 3, 15, 12, 5]",15,100.0
2,28,Agent_2,"[8, 13, 6, 1, 9, 16]",13,93.33
2,29,Agent_0,"[7, 11, 2, 17, 0, 4, 18]",7,75.77
2,29,Agent_1,"[19, 14, 10, 3, 15, 12, 5]",15,100.0
2,29,Agent_2,"[8, 13, 6, 1, 9, 16]",13,90.46
3,0,Agent_0,"[19, 8, 14, 17, 11, 5, 1]",19,53.1
3,0,Agent_1,"[15, 10, 9, 7, 3, 13, 16]",16,65.94
3,0,Agent_2,"[6, 4, 12, 18, 0, 2]",18,22.53
3,1,Agent_0,"[19, 8, 14, 17, 11, 5, 1]",8,96.75
3,1,Agent_1,"[15, 10, 9, 7, 3, 13, 16]",15,14.88
3,1,Agent_2,"[6, 4, 12, 18, 0, 2]",18,32.62
3,2,Agent_0,"[19, 8, 14, 17, 11, 5, 1]",14,0.0
3,2,Agent_1,"[15, 10, 9, 7, 3, 13, 16]",16,60.55
3,2,Agent_2,"[6, 4, 12, 18, 0, 2]",12,68.27
3,3,Agent_0,"[19, 8, 14, 17, 11, 5, 1]",8,96.33
3,3,Agent_1,"[15, 10, 9, 7, 3, 13, 16]",16,61.91
3,3,Agent_2,"[6, 4, 12, 18, 0, 2]",12,72.37
3,4,Agent_0,"[19, 8, 14, 17, 11, 5, 1]",8,100.0
3,4,Agent_1,"[15, 10, 9, 7, 3, 13, 16]",16,65.44
3,4,Agent_2,"[6, 4, 12, 18, 0, 2]",6,8.15
3,5,Agent_0,"[19, 8, 14, 17, 11, 5, 1]",8,99.76
3,5,Agent_1,"[15, 10, 9, 7, 3, 13, 16]",16,61.51
3,5,Agent_2,"[6, 4, 12, 18, 0, 2]",12,66.27
3,6,Agent_0,"[19, 8, 14, 17, 11, 5, 1]",8,97.95
3,6,Agent_1,"[15, 10, 9, 7, 3, 13, 16]",16,66.3
3,6,Agent_2,"[6, 4, 12, 18, 0, 2]",12,71.08
3,7,Agent_0,"[19, 8, 14, 17, 11, 5, 1]",8,98.57
3,7,Agent_1,"[15, 10, 9, 7, 3, 13, 16]",16,53.82
3,7,Agent_2,"[6, 4, 12, 18, 0, 2]",12,60.06
3,8,Agent_0,"[19, 8, 14, 17, 11, 5, 1]",8,97.47
3,8,Agent_1,"[15, 10, 9, 7, 3, 13, 16]",10,92.07
3,8,Agent_2,"[6, 4, 12, 18, 0, 2]",12,64.83
3,9,Agent_0,"[19, 8, 14, 17, 11, 5, 1]",8,94.45
3,9,Agent_1,"[15, 10, 9, 7, 3, 13, 16]",9,70.58
3,9,Agent_2,"[6, 4, 12, 18, 0, 2]",4,89.22
3,10,Agent_0,"[19, 8, 14, 17, 11, 5, 1]",8,100.0
3,10,Agent_1,"[15, 10, 9, 7, 3, 13, 16]",10,99.63
3,10,Agent_2,"[6, 4, 12, 18, 0, 2]",4,93.29
3,11,Agent_0,"[19, 8, 14, 17, 11, 5, 1]",8,97.27
3,11,Agent_1,"[15, 10, 9, 7, 3, 13, 16]",10,96.02
3,11,Agent_2,"[6, 4, 12, 18, 0, 2]",0,30.95
3,12,Agent_0,"[19, 8, 14, 17, 11, 5, 1]",8,100.0
3,12,Agent_1,"[15, 10, 9, 7, 3, 13, 16]",10,86.36
3,12,Agent_2,"[6, 4, 12, 18, 0, 2]",4,89.42
3,13,Agent_0,"[19, 8, 14, 17, 11, 5, 1]",8,92.8
3,13,Agent_1,"[15, 10, 9, 7, 3, 13, 16]",10,92.99
3,13,Agent_2,"[6, 4, 12, 18, 0, 2]",4,85.0
3,14,Agent_0,"[19, 8, 14, 17, 11, 5, 1]",8,100.0
3,14,Agent_1,"[15, 10, 9, 7, 3, 13, 16]",10,92.15
3,14,Agent_2,"[6, 4, 12, 18, 0, 2]",4,90.77
3,15,Agent_0,"[19, 8, 14, 17, 11, 5, 1]",8,100.0
3,15,Agent_1,"[15, 10, 9, 7, 3, 13, 16]",7,42.75
3,15,Agent_2,"[6, 4, 12, 18, 0, 2]",4,82.84
3,16,Agent_0,"[19, 8, 14, 17, 11, 5, 1]",8,100.0
3,16,Agent_1,"[15, 10, 9, 7, 3, 13, 16]",10,100.0
3,16,Agent_2,"[6, 4, 12, 18, 0, 2]",4,81.28
3,17,Agent_0,"[19, 8, 14, 17, 11, 5, 1]",8,91.32
3,17,Agent_1,"[15, 10, 9, 7, 3, 13, 16]",10,100.0
3,17,Agent_2,"[6, 4, 12, 18, 0, 2]",2,46.49
3,18,Agent_0,"[19, 8, 14, 17, 11, 5, 1]",8,100.0
3,18,Agent_1,"[15, 10, 9, 7, 3, 13, 16]",10,95.23
3,18,Agent_2,"[6, 4, 12, 18, 0, 2]",4,90.27
3,19,Agent_0,"[19, 8, 14, 17, 11, 5, 1]",8,100.0
3,19,Agent_1,"[15, 10, 9, 7, 3, 13, 16]",10,96.42
3,19,Agent_2,"[6, 4, 12, 18, 0, 2]",4,88.91
3,20,Agent_0,"[19, 8, 14, 17, 11, 5, 1]",8,97.26
3,20,Agent_1,"[15, 10, 9, 7, 3, 13, 16]",10,100.0
3,20,Agent_2,"[6, 4, 12, 18, 0, 2]",4,88.55
3,21,Agent_0,"[19, 8, 14, 17, 11, 5, 1]",8,94.01
3,21,Agent_1,"[15, 10, 9, 7, 3, 13, 16]",10,100.0
3,21,Agent_2,"[6, 4, 12, 18, 0, 2]",4,85.91
3,22,Agent_0,"[19, 8, 14, 17, 11, 5, 1]",8,100.0
3,22,Agent_1,"[15, 10, 9, 7, 3, 13, 16]",10,98.29
3,22,Agent_2,"[6, 4, 12, 18, 0, 2]",4,84.11
3,23,Agent_0,"[19, 8, 14, 17, 11, 5, 1]",8,100.0
3,23,Agent_1,"[15, 10, 9, 7, 3, 13, 16]",10,99.52
3,23,Agent_2,"[6, 4, 12, 18, 0, 2]",4,92.27
3,24,Agent_0,"[19, 8, 14, 17, 11, 5, 1]",8,100.0
3,24,Agent_1,"[15, 10, 9, 7, 3, 13, 16]",10,85.84
3,24,Agent_2,"[6, 4, 12, 18, 0, 2]",4,96.73
3,25,Agent_0,"[19, 8, 14, 17, 11, 5, 1]",8,99.05
3,25,Agent_1,"[15, 10, 9, 7, 3, 13, 16]",10,99.69
3,25,Agent_2,"[6, 4, 12, 18, 0, 2]",4,86.21
3,26,Agent_0,"[19, 8, 14, 17, 11, 5, 1]",8,96.3
3,26,Agent_1,"[15, 10, 9, 7, 3, 13, 16]",10,95.68
3,26,Agent_2,"[6, 4, 12, 18, 0, 2]",4,88.99
3,27,Agent_0,"[19, 8, 14, 17, 11, 5, 1]",8,99.09
3,27,Agent_1,"[15, 10, 9, 7, 3, 13, 16]",10,90.2
3,27,Agent_2,"[6, 4, 12, 18, 0, 2]",4,92.19
3,28,Agent_0,"[19, 8, 14, 17, 11, 5, 1]",8,96.89
3,28,Agent_1,"[15, 10, 9, 7, 3, 13, 16]",10,100.0
3,28,Agent_2,"[6, 4, 12, 18, 0, 2]",4,78.6
3,29,Agent_0,"[19, 8, 14, 17, 11, 5, 1]",8,98.54
3,29,Agent_1,"[15, 10, 9, 7, 3, 13, 16]",10,85.55
3,29,Agent_2,"[6, 4, 12, 18, 0, 2]",4,82.11
4,0,Agent_0,"[19, 14, 10, 1, 13, 16, 3]",19,14.78
4,0,Agent_1,"[5, 18, 17, 2, 0, 6, 8]",18,59.64
4,0,Agent_2,"[9, 15, 7, 11, 12, 4]",15,11.17
4,1,Agent_0,"[19, 14, 10, 1, 13, 16, 3]",14,37.9
4,1,Agent_1,"[5, 18, 17, 2, 0, 6, 8]",18,60.63
4,1,Agent_2,"[9, 15, 7, 11, 12, 4]",11,11.37
4,2,Agent_0,"[19, 14, 10, 1, 13, 16, 3]",14,33.55
4,2,Agent_1,"[5, 18, 17, 2, 0, 6, 8]",18,68.33
4,2,Agent_2,"[9, 15, 7, 11, 12, 4]",12,90.44
4,3,Agent_0,"[19, 14, 10, 1, 13, 16, 3]",14,32.97
4,3,Agent_1,"[5, 18, 17, 2, 0, 6, 8]",18,60.84
4,3,Agent_2,"[9, 15, 7, 11, 12, 4]",12,99.6
4,4,Agent_0,"[19, 14, 10, 1, 13, 16, 3]",10,77.69
4,4,Agent_1,"[5, 18, 17, 2, 0, 6, 8]",17,46.16
4,4,Agent_2,"[9, 15, 7, 11, 12, 4]",12,100.0
4,5,Agent_0,"[19, 14, 10, 1, 13, 16, 3]",10,62.73
4,5,Agent_1,"[5, 18, 17, 2, 0, 6, 8]",18,63.75
4,5,Agent_2,"[9, 15, 7, 11, 12, 4]",12,97.45
4,6,Agent_0,"[19, 14, 10, 1, 13, 16, 3]",16,34.32
4,6,Agent_1,"[5, 18, 17, 2, 0, 6, 8]",18,59.41
4,6,Agent_2,"[9, 15, 7, 11, 12, 4]",12,98.48
4,7,Agent_0,"[19, 14, 10, 1, 13, 16, 3]",10,74.16
4,7,Agent_1,"[5, 18, 17, 2, 0, 6, 8]",18,61.21
4,7,Agent_2,"[9, 15, 7, 11, 12, 4]",12,100.0
4,8,Agent_0,"[19, 14, 10, 1, 13, 16, 3]",10,79.92
4,8,Agent_1,"[5, 18, 17, 2, 0, 6, 8]",18,65.78
4,8,Agent_2,"[9, 15, 7, 11, 12, 4]",12,98.51
4,9,Agent_0,"[19, 14, 10, 1, 13, 16, 3]",1,83.64
4,9,Agent_1,"[5, 18, 17, 2, 0, 6, 8]",5,91.96
4,9,Agent_2,"[9, 15, 7, 11, 12, 4]",12,100.0
4,10,Agent_0,"[19, 14, 10, 1, 13, 16, 3]",1,92.72
4,10,Agent_1,"[5, 18, 17, 2, 0, 6, 8]",5,84.26
4,10,Agent_2,"[9, 15, 7, 11, 12, 4]",12,93.74
4,11,Agent_0,"[19, 14, 10, 1, 13, 16, 3]",1,78.41
4,11,Agent_1,"[5, 18, 17, 2, 0, 6, 8]",5,90.93
4,11,Agent_2,"[9, 15, 7, 11, 12, 4]",12,99.0
4,12,Agent_0,"[19, 14, 10, 1, 13, 16, 3]",1,74.84
4,12,Agent_1,"[5, 18, 17, 2, 0, 6, 8]",5,78.26
4,12,Agent_2,"[9, 15, 7, 11, 12, 4]",12,95.26
4,13,Agent_0,"[19, 14, 10, 1, 13, 16, 3]",1,74.58
4,13,Agent_1,"[5, 18, 17, 2, 0, 6, 8]",5,84.53
4,13,Agent_2,"[9, 15, 7, 11, 12, 4]",12,94.49
4,14,Agent_0,"[19, 14, 10, 1, 13, 16, 3]",1,83.67
4,14,Agent_1,"[5, 18, 17, 2, 0, 6, 8]",5,81.78
4,14,Agent_2,"[9, 15, 7, 11, 12, 4]",12,98.2
4,15,Agent_0,"[19, 14, 10, 1, 13, 16, 3]",3,60.22
4,15,Agent_1,"[5, 18, 17, 2, 0, 6, 8]",5,77.49
4,15,Agent_2,"[9, 15, 7, 11, 12, 4]",12,100.0
4,16,Agent_0,"[19, 14, 10, 1, 13, 16, 3]",1,81.21
4,16,Agent_1,"[5, 18, 17, 2, 0, 6, 8]",5,82.29
4,16,Agent_2,"[9, 15, 7, 11, 12, 4]",12,99.53
4,17,Agent_0,"[19, 14, 10, 1, 13, 16, 3]",1,73.75
4,17,Agent_1,"[5, 18, 17, 2, 0, 6, 8]",2,65.88
4,17,Agent_2,"[9, 15, 7, 11, 12, 4]",12,100.0
4,18,Agent_0,"[19, 14, 10, 1, 13, 16, 3]",1,91.44
4,18,Agent_1,"[5, 18, 17, 2, 0, 6, 8]",5,89.53
4,18,Agent_2,"[9, 15, 7, 11, 12, 4]",12,99.66
4,19,Agent_0,"[19, 14, 10, 1, 13, 16, 3]",1,77.78
4,19,Agent_1,"[5, 18, 17, 2, 0, 6, 8]",5,98.2
4,19,Agent_2,"[9, 15, 7, 11, 12, 4]",12,100.0
4,20,Agent_0,"[19, 14, 10, 1, 13, 16, 3]",1,80.47
4,20,Agent_1,"[5, 18, 17, 2, 0, 6, 8]",5,84.77
4,20,Agent_2,"[9, 15, 7, 11, 12, 4]",12,100.0
4,21,Agent_0,"[19, 14, 10, 1, 13, 16, 3]",1,79.57
4,21,Agent_1,"[5, 18, 17, 2, 0, 6, 8]",5,79.24
4,21,Agent_2,"[9, 15, 7, 11, 12, 4]",12,100.0
4,22,Agent_0,"[19, 14, 10, 1, 13, 16, 3]",1,84.3
4,22,Agent_1,"[5, 18, 17, 2, 0, 6, 8]",5,88.82
4,22,Agent_2,"[9, 15, 7, 11, 12, 4]",12,92.18
4,23,Agent_0,"[19, 14, 10, 1, 13, 16, 3]",1,84.57
4,23,Agent_1,"[5, 18, 17, 2, 0, 6, 8]",5,85.17
4,23,Agent_2,"[9, 15, 7, 11, 12, 4]",12,100.0
4,24,Agent_0,"[19, 14, 10, 1, 13, 16, 3]",1,65.81
4,24,Agent_1,"[5, 18, 17, 2, 0, 6, 8]",5,82.23
4,24,Agent_2,"[9, 15, 7, 11, 12, 4]",12,100.0
4,25,Agent_0,"[19, 14, 10, 1, 13, 16, 3]",1,76.59
4,25,Agent_1,"[5, 18, 17, 2, 0, 6, 8]",5,81.74
4,25,Agent_2,"[9, 15, 7, 11, 12, 4]",12,96.54
4,26,Agent_0,"[19, 14, 10, 1, 13, 16, 3]",1,75.69
4,26,Agent_1,"[5, 18, 17, 2, 0, 6, 8]",5,89.04
4,26,Agent_2,"[9, 15, 7, 11, 12, 4]",12,98.23
4,27,Agent_0,"[19, 14, 10, 1, 13, 16, 3]",13,85.31
4,27,Agent_1,"[5, 18, 17, 2, 0, 6, 8]",5,87.49
4,27,Agent_2,"[9, 15, 7, 11, 12, 4]",12,96.5
4,28,Agent_0,"[19, 14, 10, 1, 13, 16, 3]",13,80.21
4,28,Agent_1,"[5, 18, 17, 2, 0, 6, 8]",5,82.93
4,28,Agent_2,"[9, 15, 7, 11, 12, 4]",12,100.0
4,29,Agent_0,"[19, 14, 10, 1, 13, 16, 3]",13,98.82
4,29,Agent_1,"[5, 18, 17, 2, 0, 6, 8]",5,87.84
4,29,Agent_2,"[9, 15, 7, 11, 12, 4]",12,100.0
5,0,Agent_0,"[5, 1, 15, 8, 14, 2, 6]",15,8.33
5,0,Agent_1,"[19, 3, 17, 4, 7, 12, 0]",19,95.42
5,0,Agent_2,"[13, 10, 9, 18, 16, 11]",18,50.78
5,1,Agent_0,"[5, 1, 15, 8, 14, 2, 6]",15,13.99
5,1,Agent_1,"[19, 3, 17, 4, 7, 12, 0]",19,100.0
5,1,Agent_2,"[13, 10, 9, 18, 16, 11]",13,98.74
5,2,Agent_0,"[5, 1, 15, 8, 14, 2, 6]",14,65.23
5,2,Agent_1,"[19, 3, 17, 4, 7, 12, 0]",19,94.32
5,2,Agent_2,"[13, 10, 9, 18, 16, 11]",13,93.89
5,3,Agent_0,"[5, 1, 15, 8, 14, 2, 6]",14,56.22
5,3,Agent_1,"[19, 3, 17, 4, 7, 12, 0]",19,100.0
5,3,Agent_2,"[13, 10, 9, 18, 16, 11]",13,95.52
5,4,Agent_0,"[5, 1, 15, 8, 14, 2, 6]",5,27.24
5,4,Agent_1,"[19, 3, 17, 4, 7, 12, 0]",19,100.0
5,4,Agent_2,"[13, 10, 9, 18, 16, 11]",13,92.09
5,5,Agent_0,"[5, 1, 15, 8, 14, 2, 6]",1,76.47
5,5,Agent_1,"[19, 3, 17, 4, 7, 12, 0]",19,96.15
5,5,Agent_2,"[13, 10, 9, 18, 16, 11]",13,93.29
5,6,Agent_0,"[5, 1, 15, 8, 14, 2, 6]",1,82.2
5,6,Agent_1,"[19, 3, 17, 4, 7, 12, 0]",19,100.0
5,6,Agent_2,"[13, 10, 9, 18, 16, 11]",13,90.74
5,7,Agent_0,"[5, 1, 15, 8, 14, 2, 6]",1,80.48
5,7,Agent_1,"[19, 3, 17, 4, 7, 12, 0]",19,91.73
5,7,Agent_2,"[13, 10, 9, 18, 16, 11]",13,87.21
5,8,Agent_0,"[5, 1, 15, 8, 14, 2, 6]",1,82.79
5,8,Agent_1,"[19, 3, 17, 4, 7, 12, 0]",19,98.99
5,8,Agent_2,"[13, 10, 9, 18, 16, 11]",10,40.18
5,9,Agent_0,"[5, 1, 15, 8, 14, 2, 6]",1,85.35
5,9,Agent_1,"[19, 3, 17, 4, 7, 12, 0]",19,98.88
5,9,Agent_2,"[13, 10, 9, 18, 16, 11]",13,90.17
5,10,Agent_0,"[5, 1, 15, 8, 14, 2, 6]",8,76.95
5,10,Agent_1,"[19, 3, 17, 4, 7, 12, 0]",19,100.0
5,10,Agent_2,"[13, 10, 9, 18, 16, 11]",13,100.0
5,11,Agent_0,"[5, 1, 15, 8, 14, 2, 6]",1,83.33
5,11,Agent_1,"[19, 3, 17, 4, 7, 12, 0]",19,94.64
5,11,Agent_2,"[13, 10, 9, 18, 16, 11]",13,93.95
5,12,Agent_0,"[5, 1, 15, 8, 14, 2, 6]",1,76.46
5,12,Agent_1,"[19, 3, 17, 4, 7, 12, 0]",19,96.19
5,12,Agent_2,"[13, 10, 9, 18, 16, 11]",13,97.48
5,13,Agent_0,"[5, 1, 15, 8, 14, 2, 6]",1,83.13
5,13,Agent_1,"[19, 3, 17, 4, 7, 12, 0]",19,100.0
5,13,Agent_2,"[13, 10, 9, 18, 16, 11]",13,96.78
5,14,Agent_0,"[5, 1, 15, 8, 14, 2, 6]",1,73.71
5,14,Agent_1,"[19, 3, 17, 4, 7, 12, 0]",19,95.82
5,14,Agent_2,"[13, 10, 9, 18, 16, 11]",9,69.23
5,15,Agent_0,"[5, 1, 15, 8, 14, 2, 6]",1,67.19
5,15,Agent_1,"[19, 3, 17, 4, 7, 12, 0]",19,100.0
5,15,Agent_2,"[13, 10, 9, 18, 16, 11]",13,89.9
5,16,Agent_0,"[5, 1, 15, 8, 14, 2, 6]",8,77.69
5,16,Agent_1,"[19, 3, 17, 4, 7, 12, 0]",19,96.56
5,16,Agent_2,"[13, 10, 9, 18, 16, 11]",13,100.0
5,17,Agent_0,"[5, 1, 15, 8, 14, 2, 6]",1,63.44
5,17,Agent_1,"[19, 3, 17, 4, 7, 12, 0]",19,100.0
5,17,Agent_2,"[13, 10, 9, 18, 16, 11]",13,99.21
5,18,Agent_0,"[5, 1, 15, 8, 14, 2, 6]",2,25.7
5,18,Agent_1,"[19, 3, 17, 4, 7, 12, 0]",19,98.67
5,18,Agent_2,"[13, 10, 9, 18, 16, 11]",13,100.0
5,19,Agent_0,"[5, 1, 15, 8, 14, 2, 6]",1,76.48
5,19,Agent_1,"[19, 3, 17, 4, 7, 12, 0]",19,100.0
5,19,Agent_2,"[13, 10, 9, 18, 16, 11]",13,87.75
5,20,Agent_0,"[5, 1, 15, 8, 14, 2, 6]",8,73.11
5,20,Agent_1,"[19, 3, 17, 4, 7, 12, 0]",19,100.0
5,20,Agent_2,"[13, 10, 9, 18, 16, 11]",13,83.37
5,21,Agent_0,"[5, 1, 15, 8, 14, 2, 6]",1,83.91
5,21,Agent_1,"[19, 3, 17, 4, 7, 12, 0]",19,100.0
5,21,Agent_2,"[13, 10, 9, 18, 16, 11]",13,93.09
5,22,Agent_0,"[5, 1, 15, 8, 14, 2, 6]",1,82.33
5,22,Agent_1,"[19, 3, 17, 4, 7, 12, 0]",19,100.0
5,22,Agent_2,"[13, 10, 9, 18, 16, 11]",13,99.98
5,23,Agent_0,"[5, 1, 15, 8, 14, 2, 6]",1,78.05
5,23,Agent_1,"[19, 3, 17, 4, 7, 12, 0]",19,100.0
5,23,Agent_2,"[13, 10, 9, 18, 16, 11]",13,94.57
5,24,Agent_0,"[5, 1, 15, 8, 14, 2, 6]",1,73.44
5,24,Agent_1,"[19, 3, 17, 4, 7, 12, 0]",19,100.0
5,24,Agent_2,"[13, 10, 9, 18, 16, 11]",13,100.0
5,25,Agent_0,"[5, 1, 15, 8, 14, 2, 6]",1,80.62
5,25,Agent_1,"[19, 3, 17, 4, 7, 12, 0]",19,100.0
5,25,Agent_2,"[13, 10, 9, 18, 16, 11]",13,97.33
5,26,Agent_0,"[5, 1, 15, 8, 14, 2, 6]",6,37.24
5,26,Agent_1,"[19, 3, 17, 4, 7, 12, 0]",19,100.0
5,26,Agent_2,"[13, 10, 9, 18, 16, 11]",13,100.0
5,27,Agent_0,"[5, 1, 15, 8, 14, 2, 6]",1,74.96
5,27,Agent_1,"[19, 3, 17, 4, 7, 12, 0]",19,100.0
5,27,Agent_2,"[13, 10, 9, 18, 16, 11]",13,84.74
5,28,Agent_0,"[5, 1, 15, 8, 14, 2, 6]",1,72.57
5,28,Agent_1,"[19, 3, 17, 4, 7, 12, 0]",19,95.56
5,28,Agent_2,"[13, 10, 9, 18, 16, 11]",13,99.76
5,29,Agent_0,"[5, 1, 15, 8, 14, 2, 6]",1,86.89
5,29,Agent_1,"[19, 3, 17, 4, 7, 12, 0]",19,95.82
5,29,Agent_2,"[13, 10, 9, 18, 16, 11]",13,95.83
6,0,Agent_0,"[8, 14, 3, 13, 7, 0, 16]",8,33.42
6,0,Agent_1,"[1, 4, 18, 5, 10, 9, 12]",18,37.67
6,0,Agent_2,"[6, 17, 2, 15, 11, 19]",17,9.13
6,1,Agent_0,"[8, 14, 3, 13, 7, 0, 16]",8,30.44
6,1,Agent_1,"[1, 4, 18, 5, 10, 9, 12]",18,46.28
6,1,Agent_2,"[6, 17, 2, 15, 11, 19]",6,92.11
6,2,Agent_0,"[8, 14, 3, 13, 7, 0, 16]",14,16.7
6,2,Agent_1,"[1, 4, 18, 5, 10, 9, 12]",1,50.07
6,2,Agent_2,"[6, 17, 2, 15, 11, 19]",6,96.68
6,3,Agent_0,"[8, 14, 3, 13, 7, 0, 16]",3,31.67
6,3,Agent_1,"[1, 4, 18, 5, 10, 9, 12]",1,47.2
6,3,Agent_2,"[6, 17, 2, 15, 11, 19]",6,97.22
6,4,Agent_0,"[8, 14, 3, 13, 7, 0, 16]",8,41.0
6,4,Agent_1,"[1, 4, 18, 5, 10, 9, 12]",1,48.05
6,4,Agent_2,"[6, 17, 2, 15, 11, 19]",6,98.37
6,5,Agent_0,"[8, 14, 3, 13, 7, 0, 16]",8,30.25
6,5,Agent_1,"[1, 4, 18, 5, 10, 9, 12]",1,41.35
6,5,Agent_2,"[6, 17, 2, 15, 11, 19]",6,91.03
6,6,Agent_0,"[8, 14, 3, 13, 7, 0, 16]",13,36.53
6,6,Agent_1,"[1, 4, 18, 5, 10, 9, 12]",1,47.08
6,6,Agent_2,"[6, 17, 2, 15, 11, 19]",6,100.0
6,7,Agent_0,"[8, 14, 3, 13, 7, 0, 16]",13,27.04
6,7,Agent_1,"[1, 4, 18, 5, 10, 9, 12]",4,92.75
6,7,Agent_2,"[6, 17, 2, 15, 11, 19]",6,95.66
6,8,Agent_0,"[8, 14, 3, 13, 7, 0, 16]",8,38.95
6,8,Agent_1,"[1, 4, 18, 5, 10, 9, 12]",4,92.92
6,8,Agent_2,"[6, 17, 2, 15, 11, 19]",6,88.26
6,9,Agent_0,"[8, 14, 3, 13, 7, 0, 16]",8,44.47
6,9,Agent_1,"[1, 4, 18, 5, 10, 9, 12]",5,73.55
6,9,Agent_2,"[6, 17, 2, 15, 11, 19]",6,95.25
6,10,Agent_0,"[8, 14, 3, 13, 7, 0, 16]",8,49.15
6,10,Agent_1,"[1, 4, 18, 5, 10, 9, 12]",4,100.0
6,10,Agent_2,"[6, 17, 2, 15, 11, 19]",6,86.31
6,11,Agent_0,"[8, 14, 3, 13, 7, 0, 16]",8,33.53
6,11,Agent_1,"[1, 4, 18, 5, 10, 9, 12]",4,96.81
6,11,Agent_2,"[6, 17, 2, 15, 11, 19]",6,88.22
6,12,Agent_0,"[8, 14, 3, 13, 7, 0, 16]",7,92.79
6,12,Agent_1,"[1, 4, 18, 5, 10, 9, 12]",4,99.41
6,12,Agent_2,"[6, 17, 2, 15, 11, 19]",6,92.92
6,13,Agent_0,"[8, 14, 3, 13, 7, 0, 16]",7,94.35
6,13,Agent_1,"[1, 4, 18, 5, 10, 9, 12]",4,96.99
6,13,Agent_2,"[6, 17, 2, 15, 11, 19]",2,0.0
6,14,Agent_0,"[8, 14, 3, 13, 7, 0, 16]",7,91.82
6,14,Agent_1,"[1, 4, 18, 5, 10, 9, 12]",4,96.96
6,14,Agent_2,"[6, 17, 2, 15, 11, 19]",6,90.05
6,15,Agent_0,"[8, 14, 3, 13, 7, 0, 16]",7,83.08
6,15,Agent_1,"[1, 4, 18, 5, 10, 9, 12]",4,100.0
6,15,Agent_2,"[6, 17, 2, 15, 11, 19]",6,84.13
6,16,Agent_0,"[8, 14, 3, 13, 7, 0, 16]",7,91.71
6,16,Agent_1,"[1, 4, 18, 5, 10, 9, 12]",4,97.46
6,16,Agent_2,"[6, 17, 2, 15, 11, 19]",6,93.43
6,17,Agent_0,"[8, 14, 3, 13, 7, 0, 16]",7,95.56
6,17,Agent_1,"[1, 4, 18, 5, 10, 9, 12]",4,99.29
6,17,Agent_2,"[6, 17, 2, 15, 11, 19]",6,90.8
6,18,Agent_0,"[8, 14, 3, 13, 7, 0, 16]",7,83.13
6,18,Agent_1,"[1, 4, 18, 5, 10, 9, 12]",4,94.34
6,18,Agent_2,"[6, 17, 2, 15, 11, 19]",6,89.93
6,19,Agent_0,"[8, 14, 3, 13, 7, 0, 16]",7,82.78
6,19,Agent_1,"[1, 4, 18, 5, 10, 9, 12]",4,93.24
6,19,Agent_2,"[6, 17, 2, 15, 11, 19]",6,95.56
6,20,Agent_0,"[8, 14, 3, 13, 7, 0, 16]",7,82.53
6,20,Agent_1,"[1, 4, 18, 5, 10, 9, 12]",4,100.0
6,20,Agent_2,"[6, 17, 2, 15, 11, 19]",6,97.02
6,21,Agent_0,"[8, 14, 3, 13, 7, 0, 16]",7,84.34
6,21,Agent_1,"[1, 4, 18, 5, 10, 9, 12]",4,100.0
6,21,Agent_2,"[6, 17, 2, 15, 11, 19]",6,93.45
6,22,Agent_0,"[8, 14, 3, 13, 7, 0, 16]",7,92.5
6,22,Agent_1,"[1, 4, 18, 5, 10, 9, 12]",4,97.1
6,22,Agent_2,"[6, 17, 2, 15, 11, 19]",6,100.0
6,23,Agent_0,"[8, 14, 3, 13, 7, 0, 16]",7,92.99
6,23,Agent_1,"[1, 4, 18, 5, 10, 9, 12]",4,100.0
6,23,Agent_2,"[6, 17, 2, 15, 11, 19]",6,99.68
6,24,Agent_0,"[8, 14, 3, 13, 7, 0, 16]",7,87.82
6,24,Agent_1,"[1, 4, 18, 5, 10, 9, 12]",4,95.24
6,24,Agent_2,"[6, 17, 2, 15, 11, 19]",6,90.35
6,25,Agent_0,"[8, 14, 3, 13, 7, 0, 16]",7,94.89
6,25,Agent_1,"[1, 4, 18, 5, 10, 9, 12]",4,100.0
6,25,Agent_2,"[6, 17, 2, 15, 11, 19]",6,95.28
6,26,Agent_0,"[8, 14, 3, 13, 7, 0, 16]",7,88.3
6,26,Agent_1,"[1, 4, 18, 5, 10, 9, 12]",4,96.82
6,26,Agent_2,"[6, 17, 2, 15, 11, 19]",6,100.0
6,27,Agent_0,"[8, 14, 3, 13, 7, 0, 16]",7,94.26
6,27,Agent_1,"[1, 4, 18, 5, 10, 9, 12]",4,94.1
6,27,Agent_2,"[6, 17, 2, 15, 11, 19]",6,94.02
6,28,Agent_0,"[8, 14, 3, 13, 7, 0, 16]",7,91.35
6,28,Agent_1,"[1, 4, 18, 5, 10, 9, 12]",4,93.75
6,28,Agent_2,"[6, 17, 2, 15, 11, 19]",6,91.03
6,29,Agent_0,"[8, 14, 3, 13, 7, 0, 16]",7,88.54
6,29,Agent_1,"[1, 4, 18, 5, 10, 9, 12]",4,100.0
6,29,Agent_2,"[6, 17, 2, 15, 11, 19]",6,99.42
7,0,Agent_0,"[13, 6, 2, 17, 3, 4, 12]",17,38.92
7,0,Agent_1,"[14, 1, 15, 8, 11, 5, 16]",16,37.11
7,0,Agent_2,"[19, 18, 7, 9, 0, 10]",19,25.22
7,1,Agent_0,"[13, 6, 2, 17, 3, 4, 12]",13,51.32
7,1,Agent_1,"[14, 1, 15, 8, 11, 5, 16]",14,5.64
7,1,Agent_2,"[19, 18, 7, 9, 0, 10]",18,71.55
7,2,Agent_0,"[13, 6, 2, 17, 3, 4, 12]",13,66.06
7,2,Agent_1,"[14, 1, 15, 8, 11, 5, 16]",1,85.54
7,2,Agent_2,"[19, 18, 7, 9, 0, 10]",18,76.53
7,3,Agent_0,"[13, 6, 2, 17, 3, 4, 12]",13,57.33
7,3,Agent_1,"[14, 1, 15, 8, 11, 5, 16]",1,83.33
7,3,Agent_2,"[19, 18, 7, 9, 0, 10]",18,70.44
7,4,Agent_0,"[13, 6, 2, 17, 3, 4, 12]",13,48.71
7,4,Agent_1,"[14, 1, 15, 8, 11, 5, 16]",1,87.06
7,4,Agent_2,"[19, 18, 7, 9, 0, 10]",18,76.96
7,5,Agent_0,"[13, 6, 2, 17, 3, 4, 12]",6,98.63
7,5,Agent_1,"[14, 1, 15, 8, 11, 5, 16]",1,88.37
7,5,Agent_2,"[19, 18, 7, 9, 0, 10]",18,74.01
7,6,Agent_0,"[13, 6, 2, 17, 3, 4, 12]",6,100.0
7,6,Agent_1,"[14, 1, 15, 8, 11, 5, 16]",1,76.36
7,6,Agent_2,"[19, 18, 7, 9, 0, 10]",18,66.91
7,7,Agent_0,"[13, 6, 2, 17, 3, 4, 12]",6,100.0
7,7,Agent_1,"[14, 1, 15, 8, 11, 5, 16]",1,83.61
7,7,Agent_2,"[19, 18, 7, 9, 0, 10]",18,78.76
7,8,Agent_0,"[13, 6, 2, 17, 3, 4, 12]",6,95.78
7,8,Agent_1,"[14, 1, 15, 8, 11, 5, 16]",15,48.11
7,8,Agent_2,"[19, 18, 7, 9, 0, 10]",18,69.72
7,9,Agent_0,"[13, 6, 2, 17, 3, 4, 12]",6,91.93
7,9,Agent_1,"[14, 1, 15, 8, 11, 5, 16]",1,84.77
7,9,Agent_2,"[19, 18, 7, 9, 0, 10]",7,66.33
7,10,Agent_0,"[13, 6, 2, 17, 3, 4, 12]",6,97.71
7,10,Agent_1,"[14, 1, 15, 8, 11, 5, 16]",1,91.61
7,10,Agent_2,"[19, 18, 7, 9, 0, 10]",18,75.22
7,11,Agent_0,"[13, 6, 2, 17, 3, 4, 12]",6,86.96
7,11,Agent_1,"[14, 1, 15, 8, 11, 5, 16]",1,88.23
7,11,Agent_2,"[19, 18, 7, 9, 0, 10]",18,73.67
7,12,Agent_0,"[13, 6, 2, 17, 3, 4, 12]",6,100.0
7,12,Agent_1,"[14, 1, 15, 8, 11, 5, 16]",1,86.55
7,12,Agent_2,"[19, 18, 7, 9, 0, 10]",9,7.36
7,13,Agent_0,"[13, 6, 2, 17, 3, 4, 12]",6,84.93
7,13,Agent_1,"[14, 1, 15, 8, 11, 5, 16]",1,83.03
7,13,Agent_2,"[19, 18, 7, 9, 0, 10]",18,72.4
7,14,Agent_0,"[13, 6, 2, 17, 3, 4, 12]",6,96.73
7,14,Agent_1,"[14, 1, 15, 8, 11, 5, 16]",8,100.0
7,14,Agent_2,"[19, 18, 7, 9, 0, 10]",18,74.61
7,15,Agent_0,"[13, 6, 2, 17, 3, 4, 12]",6,93.36
7,15,Agent_1,"[14, 1, 15, 8, 11, 5, 16]",8,98.66
7,15,Agent_2,"[19, 18, 7, 9, 0, 10]",18,65.83
7,16,Agent_0,"[13, 6, 2, 17, 3, 4, 12]",6,98.19
7,16,Agent_1,"[14, 1, 15, 8, 11, 5, 16]",8,100.0
7,16,Agent_2,"[19, 18, 7, 9, 0, 10]",18,70.68
7,17,Agent_0,"[13, 6, 2, 17, 3, 4, 12]",6,99.79
7,17,Agent_1,"[14, 1, 15, 8, 11, 5, 16]",8,89.59
7,17,Agent_2,"[19, 18, 7, 9, 0, 10]",18,68.32
7,18,Agent_0,"[13, 6, 2, 17, 3, 4, 12]",6,89.61
7,18,Agent_1,"[14, 1, 15, 8, 11, 5, 16]",8,96.81
7,18,Agent_2,"[19, 18, 7, 9, 0, 10]",18,69.99
7,19,Agent_0,"[13, 6, 2, 17, 3, 4, 12]",6,89.07
7,19,Agent_1,"[14, 1, 15, 8, 11, 5, 16]",8,100.0
7,19,Agent_2,"[19, 18, 7, 9, 0, 10]",18,75.44
7,20,Agent_0,"[13, 6, 2, 17, 3, 4, 12]",6,94.75
7,20,Agent_1,"[14, 1, 15, 8, 11, 5, 16]",8,100.0
7,20,Agent_2,"[19, 18, 7, 9, 0, 10]",18,71.17
7,21,Agent_0,"[13, 6, 2, 17, 3, 4, 12]",6,96.36
7,21,Agent_1,"[14, 1, 15, 8, 11, 5, 16]",8,96.21
7,21,Agent_2,"[19, 18, 7, 9, 0, 10]",18,80.32
7,22,Agent_0,"[13, 6, 2, 17, 3, 4, 12]",6,93.37
7,22,Agent_1,"[14, 1, 15, 8, 11, 5, 16]",8,100.0
7,22,Agent_2,"[19, 18, 7, 9, 0, 10]",18,72.12
7,23,Agent_0,"[13, 6, 2, 17, 3, 4, 12]",6,99.93
7,23,Agent_1,"[14, 1, 15, 8, 11, 5, 16]",8,93.37
7,23,Agent_2,"[19, 18, 7, 9, 0, 10]",18,76.25
7,24,Agent_0,"[13, 6, 2, 17, 3, 4, 12]",6,92.99
7,24,Agent_1,"[14, 1, 15, 8, 11, 5, 16]",8,97.27
7,24,Agent_2,"[19, 18, 7, 9, 0, 10]",18,79.27
7,25,Agent_0,"[13, 6, 2, 17, 3, 4, 12]",6,100.0
7,25,Agent_1,"[14, 1, 15, 8, 11, 5, 16]",8,97.06
7,25,Agent_2,"[19, 18, 7, 9, 0, 10]",18,74.83
7,26,Agent_0,"[13, 6, 2, 17, 3, 4, 12]",6,92.41
7,26,Agent_1,"[14, 1, 15, 8, 11, 5, 16]",8,97.47
7,26,Agent_2,"[19, 18, 7, 9, 0, 10]",18,68.97
7,27,Agent_0,"[13, 6, 2, 17, 3, 4, 12]",6,100.0
7,27,Agent_1,"[14, 1, 15, 8, 11, 5, 16]",8,97.84
7,27,Agent_2,"[19, 18, 7, 9, 0, 10]",18,71.83
7,28,Agent_0,"[13, 6, 2, 17, 3, 4, 12]",6,95.0
7,28,Agent_1,"[14, 1, 15, 8, 11, 5, 16]",8,97.85
7,28,Agent_2,"[19, 18, 7, 9, 0, 10]",18,67.67
7,29,Agent_0,"[13, 6, 2, 17, 3, 4, 12]",6,86.52
7,29,Agent_1,"[14, 1, 15, 8, 11, 5, 16]",8,100.0
7,29,Agent_2,"[19, 18, 7, 9, 0, 10]",18,74.17
8,0,Agent_0,"[4, 2, 16, 5, 7, 0, 11]",4,99.78
8,0,Agent_1,"[10, 14, 3, 6, 15, 13, 18]",18,48.43
8,0,Agent_2,"[12, 17, 9, 1, 19, 8]",19,33.51
8,1,Agent_0,"[4, 2, 16, 5, 7, 0, 11]",4,86.97
8,1,Agent_1,"[10, 14, 3, 6, 15, 13, 18]",15,96.13
8,1,Agent_2,"[12, 17, 9, 1, 19, 8]",12,79.84
8,2,Agent_0,"[4, 2, 16, 5, 7, 0, 11]",4,89.83
8,2,Agent_1,"[10, 14, 3, 6, 15, 13, 18]",15,100.0
8,2,Agent_2,"[12, 17, 9, 1, 19, 8]",12,89.77
8,3,Agent_0,"[4, 2, 16, 5, 7, 0, 11]",4,82.37
8,3,Agent_1,"[10, 14, 3, 6, 15, 13, 18]",15,96.04
8,3,Agent_2,"[12, 17, 9, 1, 19, 8]",12,77.32
8,4,Agent_0,"[4, 2, 16, 5, 7, 0, 11]",2,17.27
8,4,Agent_1,"[10, 14, 3, 6, 15, 13, 18]",15,100.0
8,4,Agent_2,"[12, 17, 9, 1, 19, 8]",12,83.19
8,5,Agent_0,"[4, 2, 16, 5, 7, 0, 11]",4,93.46
8,5,Agent_1,"[10, 14, 3, 6, 15, 13, 18]",15,97.9
8,5,Agent_2,"[12, 17, 9, 1, 19, 8]",12,81.91
8,6,Agent_0,"[4, 2, 16, 5, 7, 0, 11]",4,86.82
8,6,Agent_1,"[10, 14, 3, 6, 15, 13, 18]",15,94.33
8,6,Agent_2,"[12, 17, 9, 1, 19, 8]",12,89.26
8,7,Agent_0,"[4, 2, 16, 5, 7, 0, 11]",4,85.95
8,7,Agent_1,"[10, 14, 3, 6, 15, 13, 18]",15,97.48
8,7,Agent_2,"[12, 17, 9, 1, 19, 8]",12,80.02
8,8,Agent_0,"[4, 2, 16, 5, 7, 0, 11]",4,91.51
8,8,Agent_1,"[10, 14, 3, 6, 15, 13, 18]",15,94.71
8,8,Agent_2,"[12, 17, 9, 1, 19, 8]",12,79.94
8,9,Agent_0,"[4, 2, 16, 5, 7, 0, 11]",4,89.49
8,9,Agent_1,"[10, 14, 3, 6, 15, 13, 18]",15,100.0
8,9,Agent_2,"[12, 17, 9, 1, 19, 8]",12,82.63
8,10,Agent_0,"[4, 2, 16, 5, 7, 0, 11]",16,65.92
8,10,Agent_1,"[10, 14, 3, 6, 15, 13, 18]",15,98.07
8,10,Agent_2,"[12, 17, 9, 1, 19, 8]",12,89.46
8,11,Agent_0,"[4, 2, 16, 5, 7, 0, 11]",4,91.95
8,11,Agent_1,"[10, 14, 3, 6, 15, 13, 18]",15,93.34
8,11,Agent_2,"[12, 17, 9, 1, 19, 8]",12,83.54
8,12,Agent_0,"[4, 2, 16, 5, 7, 0, 11]",4,85.35
8,12,Agent_1,"[10, 14, 3, 6, 15, 13, 18]",15,99.15
8,12,Agent_2,"[12, 17, 9, 1, 19, 8]",12,84.4
8,13,Agent_0,"[4, 2, 16, 5, 7, 0, 11]",4,98.17
8,13,Agent_1,"[10, 14, 3, 6, 15, 13, 18]",15,87.11
8,13,Agent_2,"[12, 17, 9, 1, 19, 8]",12,80.86
8,14,Agent_0,"[4, 2, 16, 5, 7, 0, 11]",4,86.34
8,14,Agent_1,"[10, 14, 3, 6, 15, 13, 18]",15,100.0
8,14,Agent_2,"[12, 17, 9, 1, 19, 8]",12,87.95
8,15,Agent_0,"[4, 2, 16, 5, 7, 0, 11]",4,87.56
8,15,Agent_1,"[10, 14, 3, 6, 15, 13, 18]",15,99.43
8,15,Agent_2,"[12, 17, 9, 1, 19, 8]",12,82.21
8,16,Agent_0,"[4, 2, 16, 5, 7, 0, 11]",4,88.87
8,16,Agent_1,"[10, 14, 3, 6, 15, 13, 18]",15,98.95
8,16,Agent_2,"[12, 17, 9, 1, 19, 8]",12,79.63
8,17,Agent_0,"[4, 2, 16, 5, 7, 0, 11]",4,84.23
8,17,Agent_1,"[10, 14, 3, 6, 15, 13, 18]",15,98.51
8,17,Agent_2,"[12, 17, 9, 1, 19, 8]",12,80.25
8,18,Agent_0,"[4, 2, 16, 5, 7, 0, 11]",4,96.75
8,18,Agent_1,"[10, 14, 3, 6, 15, 13, 18]",15,100.0
8,18,Agent_2,"[12, 17, 9, 1, 19, 8]",12,89.96
8,19,Agent_0,"[4, 2, 16, 5, 7, 0, 11]",4,93.85
8,19,Agent_1,"[10, 14, 3, 6, 15, 13, 18]",15,100.0
8,19,Agent_2,"[12, 17, 9, 1, 19, 8]",12,82.72
8,20,Agent_0,"[4, 2, 16, 5, 7, 0, 11]",4,87.02
8,20,Agent_1,"[10, 14, 3, 6, 15, 13, 18]",15,93.82
8,20,Agent_2,"[12, 17, 9, 1, 19, 8]",12,93.58
8,21,Agent_0,"[4, 2, 16, 5, 7, 0, 11]",4,89.65
8,21,Agent_1,"[10, 14, 3, 6, 15, 13, 18]",15,98.89
8,21,Agent_2,"[12, 17, 9, 1, 19, 8]",12,84.23
8,22,Agent_0,"[4, 2, 16, 5, 7, 0, 11]",4,82.95
8,22,Agent_1,"[10, 14, 3, 6, 15, 13, 18]",15,85.58
8,22,Agent_2,"[12, 17, 9, 1, 19, 8]",12,84.65
8,23,Agent_0,"[4, 2, 16, 5, 7, 0, 11]",4,88.74
8,23,Agent_1,"[10, 14, 3, 6, 15, 13, 18]",15,100.0
8,23,Agent_2,"[12, 17, 9, 1, 19, 8]",12,81.22
8,24,Agent_0,"[4, 2, 16, 5, 7, 0, 11]",4,87.59
8,24,Agent_1,"[10, 14, 3, 6, 15, 13, 18]",15,100.0
8,24,Agent_2,"[12, 17, 9, 1, 19, 8]",12,82.16
8,25,Agent_0,"[4, 2, 16, 5, 7, 0, 11]",4,100.0
8,25,Agent_1,"[10, 14, 3, 6, 15, 13, 18]",15,100.0
8,25,Agent_2,"[12, 17, 9, 1, 19, 8]",12,81.67
8,26,Agent_0,"[4, 2, 16, 5, 7, 0, 11]",4,85.23
8,26,Agent_1,"[10, 14, 3, 6, 15, 13, 18]",15,100.0
8,26,Agent_2,"[12, 17, 9, 1, 19, 8]",12,80.15
8,27,Agent_0,"[4, 2, 16, 5, 7, 0, 11]",4,91.57
8,27,Agent_1,"[10, 14, 3, 6, 15, 13, 18]",15,100.0
8,27,Agent_2,"[12, 17, 9, 1, 19, 8]",12,88.36
8,28,Agent_0,"[4, 2, 16, 5, 7, 0, 11]",4,82.69
8,28,Agent_1,"[10, 14, 3, 6, 15, 13, 18]",15,91.43
8,28,Agent_2,"[12, 17, 9, 1, 19, 8]",12,83.52
8,29,Agent_0,"[4, 2, 16, 5, 7, 0, 11]",4,72.42
8,29,Agent_1,"[10, 14, 3, 6, 15, 13, 18]",15,97.15
8,29,Agent_2,"[12, 17, 9, 1, 19, 8]",12,88.66
9,0,Agent_0,"[1, 0, 16, 14, 15, 2, 9]",16,30.36
9,0,Agent_1,"[18, 17, 5, 19, 13, 11, 12]",19,30.65
9,0,Agent_2,"[7, 4, 8, 6, 3, 10]",7,66.64
9,1,Agent_0,"[1, 0, 16, 14, 15, 2, 9]",16,27.22
9,1,Agent_1,"[18, 17, 5, 19, 13, 11, 12]",18,69.78
9,1,Agent_2,"[7, 4, 8, 6, 3, 10]",7,61.95
9,2,Agent_0,"[1, 0, 16, 14, 15, 2, 9]",1,1.19
9,2,Agent_1,"[18, 17, 5, 19, 13, 11, 12]",18,74.91
9,2,Agent_2,"[7, 4, 8, 6, 3, 10]",7,56.79
9,3,Agent_0,"[1, 0, 16, 14, 15, 2, 9]",16,29.94
9,3,Agent_1,"[18, 17, 5, 19, 13, 11, 12]",18,75.61
9,3,Agent_2,"[7, 4, 8, 6, 3, 10]",4,47.78
9,4,Agent_0,"[1, 0, 16, 14, 15, 2, 9]",16,25.01
9,4,Agent_1,"[18, 17, 5, 19, 13, 11, 12]",18,75.03
9,4,Agent_2,"[7, 4, 8, 6, 3, 10]",8,46.13
9,5,Agent_0,"[1, 0, 16, 14, 15, 2, 9]",16,31.49
9,5,Agent_1,"[18, 17, 5, 19, 13, 11, 12]",18,73.39
9,5,Agent_2,"[7, 4, 8, 6, 3, 10]",6,13.75
9,6,Agent_0,"[1, 0, 16, 14, 15, 2, 9]",16,28.01
9,6,Agent_1,"[18, 17, 5, 19, 13, 11, 12]",18,70.67
9,6,Agent_2,"[7, 4, 8, 6, 3, 10]",7,62.67
9,7,Agent_0,"[1, 0, 16, 14, 15, 2, 9]",16,23.23
9,7,Agent_1,"[18, 17, 5, 19, 13, 11, 12]",18,78.21
9,7,Agent_2,"[7, 4, 8, 6, 3, 10]",7,75.77
9,8,Agent_0,"[1, 0, 16, 14, 15, 2, 9]",16,29.05
9,8,Agent_1,"[18, 17, 5, 19, 13, 11, 12]",18,73.3
9,8,Agent_2,"[7, 4, 8, 6, 3, 10]",7,61.03
9,9,Agent_0,"[1, 0, 16, 14, 15, 2, 9]",16,35.19
9,9,Agent_1,"[18, 17, 5, 19, 13, 11, 12]",18,61.47
9,9,Agent_2,"[7, 4, 8, 6, 3, 10]",7,63.73
9,10,Agent_0,"[1, 0, 16, 14, 15, 2, 9]",16,27.24
9,10,Agent_1,"[18, 17, 5, 19, 13, 11, 12]",18,79.76
9,10,Agent_2,"[7, 4, 8, 6, 3, 10]",3,84.4
9,11,Agent_0,"[1, 0, 16, 14, 15, 2, 9]",14,22.29
9,11,Agent_1,"[18, 17, 5, 19, 13, 11, 12]",17,68.79
9,11,Agent_2,"[7, 4, 8, 6, 3, 10]",3,82.68
9,12,Agent_0,"[1, 0, 16, 14, 15, 2, 9]",16,36.66
9,12,Agent_1,"[18, 17, 5, 19, 13, 11, 12]",18,80.27
9,12,Agent_2,"[7, 4, 8, 6, 3, 10]",3,87.72
9,13,Agent_0,"[1, 0, 16, 14, 15, 2, 9]",16,26.67
9,13,Agent_1,"[18, 17, 5, 19, 13, 11, 12]",18,72.45
9,13,Agent_2,"[7, 4, 8, 6, 3, 10]",3,91.07
9,14,Agent_0,"[1, 0, 16, 14, 15, 2, 9]",16,33.39
9,14,Agent_1,"[18, 17, 5, 19, 13, 11, 12]",5,37.61
9,14,Agent_2,"[7, 4, 8, 6, 3, 10]",3,83.02
9,15,Agent_0,"[1, 0, 16, 14, 15, 2, 9]",16,28.91
9,15,Agent_1,"[18, 17, 5, 19, 13, 11, 12]",18,80.16
9,15,Agent_2,"[7, 4, 8, 6, 3, 10]",3,90.14
9,16,Agent_0,"[1, 0, 16, 14, 15, 2, 9]",16,25.37
9,16,Agent_1,"[18, 17, 5, 19, 13, 11, 12]",18,74.66
9,16,Agent_2,"[7, 4, 8, 6, 3, 10]",3,89.23
9,17,Agent_0,"[1, 0, 16, 14, 15, 2, 9]",16,21.95
9,17,Agent_1,"[18, 17, 5, 19, 13, 11, 12]",18,77.29
9,17,Agent_2,"[7, 4, 8, 6, 3, 10]",3,86.17
9,18,Agent_0,"[1, 0, 16, 14, 15, 2, 9]",16,21.21
9,18,Agent_1,"[18, 17, 5, 19, 13, 11, 12]",18,73.09
9,18,Agent_2,"[7, 4, 8, 6, 3, 10]",3,88.33
9,19,Agent_0,"[1, 0, 16, 14, 15, 2, 9]",16,27.8
9,19,Agent_1,"[18, 17, 5, 19, 13, 11, 12]",18,68.44
9,19,Agent_2,"[7, 4, 8, 6, 3, 10]",3,89.35
9,20,Agent_0,"[1, 0, 16, 14, 15, 2, 9]",16,19.66
9,20,Agent_1,"[18, 17, 5, 19, 13, 11, 12]",18,74.22
9,20,Agent_2,"[7, 4, 8, 6, 3, 10]",3,89.18
9,21,Agent_0,"[1, 0, 16, 14, 15, 2, 9]",16,28.62
9,21,Agent_1,"[18, 17, 5, 19, 13, 11, 12]",18,78.01
9,21,Agent_2,"[7, 4, 8, 6, 3, 10]",3,89.3
9,22,Agent_0,"[1, 0, 16, 14, 15, 2, 9]",16,23.05
9,22,Agent_1,"[18, 17, 5, 19, 13, 11, 12]",18,76.96
9,22,Agent_2,"[7, 4, 8, 6, 3, 10]",10,57.43
9,23,Agent_0,"[1, 0, 16, 14, 15, 2, 9]",15,82.49
9,23,Agent_1,"[18, 17, 5, 19, 13, 11, 12]",11,30.43
9,23,Agent_2,"[7, 4, 8, 6, 3, 10]",3,94.38
9,24,Agent_0,"[1, 0, 16, 14, 15, 2, 9]",15,86.49
9,24,Agent_1,"[18, 17, 5, 19, 13, 11, 12]",18,75.7
9,24,Agent_2,"[7, 4, 8, 6, 3, 10]",3,88.32
9,25,Agent_0,"[1, 0, 16, 14, 15, 2, 9]",15,77.11
9,25,Agent_1,"[18, 17, 5, 19, 13, 11, 12]",18,61.41
9,25,Agent_2,"[7, 4, 8, 6, 3, 10]",3,83.27
9,26,Agent_0,"[1, 0, 16, 14, 15, 2, 9]",15,87.15
9,26,Agent_1,"[18, 17, 5, 19, 13, 11, 12]",18,70.65
9,26,Agent_2,"[7, 4, 8, 6, 3, 10]",3,84.24
9,27,Agent_0,"[1, 0, 16, 14, 15, 2, 9]",15,92.12
9,27,Agent_1,"[18, 17, 5, 19, 13, 11, 12]",18,67.68
9,27,Agent_2,"[7, 4, 8, 6, 3, 10]",3,91.28
9,28,Agent_0,"[1, 0, 16, 14, 15, 2, 9]",15,82.52
9,28,Agent_1,"[18, 17, 5, 19, 13, 11, 12]",18,62.93
9,28,Agent_2,"[7, 4, 8, 6, 3, 10]",3,89.96
9,29,Agent_0,"[1, 0, 16, 14, 15, 2, 9]",15,77.95
9,29,Agent_1,"[18, 17, 5, 19, 13, 11, 12]",18,65.79
9,29,Agent_2,"[7, 4, 8, 6, 3, 10]",3,90.75
